parameter,task,model,MAE,F2,Recall
leakage,regression,linear_regression,1.1673851255398182,,
leakage,regression,random_forest,0.7680118853435889,,
leakage,regression,gradient_boosting,0.8039774685875584,,
leakage,anomaly,isolation_forest,,0.6967213114754098,0.7391304347826086
leakage,anomaly,local_outlier_factor,,0.7264957264957265,0.7391304347826086
leakage,anomaly,one_class_svm,,0.5833333333333334,0.6086956521739131
iddq,regression,linear_regression,0.6466155832319779,,
iddq,regression,random_forest,0.27704689759466944,,
iddq,regression,gradient_boosting,0.32034274933306167,,
iddq,anomaly,isolation_forest,,0.7327586206896551,0.7391304347826086
iddq,anomaly,local_outlier_factor,,0.6557377049180327,0.6956521739130435
iddq,anomaly,one_class_svm,,0.6097560975609756,0.6521739130434783
delay,regression,linear_regression,1.1037704757100213,,
delay,regression,random_forest,0.4965224511348249,,
delay,regression,gradient_boosting,0.4906611811858202,,
delay,anomaly,isolation_forest,,0.6086956521739131,0.6086956521739131
delay,anomaly,local_outlier_factor,,0.6896551724137931,0.6956521739130435
delay,anomaly,one_class_svm,,0.4954954954954955,0.4782608695652174
