component_id,lot_id,leakage_0h,leakage_24h,iddq_0h,iddq_24h,delay_0h,delay_24h
CMP-00001,LOT-01,9.4477,9.4789,4.1487,4.1463,12.6927,12.5978
CMP-00002,LOT-07,11.6747,11.7474,3.1072,3.0652,12.5382,12.4181
CMP-00003,LOT-06,10.9547,10.9094,3.3847,3.4359,12.4092,12.5887
CMP-00004,LOT-04,8.2556,8.4423,4.0016,4.046,12.244,12.3729
CMP-00005,LOT-04,10.9841,11.2209,3.0421,3.0732,11.4004,11.49
CMP-00006,LOT-07,8.908,8.9056,3.9425,4.0202,13.9276,14.3173
CMP-00007,LOT-01,11.6188,11.8912,3.5897,3.668,10.0257,10.133
CMP-00008,LOT-06,11.7161,11.7359,4.933,4.9689,12.1818,12.3819
CMP-00009,LOT-02,10.6167,,5.7307,5.6675,12.3262,12.3069
CMP-00010,LOT-01,9.986,10.1731,3.8177,4.0033,11.1814,11.1942
CMP-00011,LOT-05,9.5193,9.7911,4.4543,4.5113,,11.4932
CMP-00012,LOT-08,10.5984,10.8486,3.8399,3.901,13.3555,13.3553
CMP-00013,LOT-06,9.9292,10.1553,3.8666,3.9104,13.9974,14.1434
CMP-00014,LOT-07,10.5057,10.6272,5.1144,5.1406,11.488,11.4119
CMP-00015,LOT-06,11.3236,11.5889,3.7995,3.8141,11.1416,11.2233
CMP-00016,LOT-07,9.3873,9.5553,3.9369,3.9622,11.7919,11.9662
CMP-00017,LOT-05,9.0987,9.1088,3.7714,3.8403,10.1462,10.2455
CMP-00018,LOT-02,8.9161,8.8807,5.091,5.2273,10.0842,10.2427
CMP-00019,LOT-07,8.8682,9.0762,2.3757,2.4537,11.8645,11.9315
CMP-00020,LOT-04,7.6931,8.8362,3.8106,4.3928,12.9355,13.7457
CMP-00021,LOT-05,10.8823,10.822,4.2342,4.2916,11.4,11.4262
CMP-00022,LOT-03,12.0379,12.1215,3.6761,3.7582,12.1253,12.0842
CMP-00023,LOT-02,12.1194,12.2401,5.0487,5.0107,10.7062,10.7583
CMP-00024,LOT-08,7.484,7.672,4.9921,5.1035,13.2588,13.3152
CMP-00025,LOT-07,11.2867,11.2749,3.3881,3.4204,14.6415,14.6759
CMP-00026,LOT-06,11.9235,12.1027,5.2355,5.2476,11.56,11.5572
CMP-00027,LOT-04,9.584,9.631,3.288,3.2564,13.5698,13.4986
CMP-00028,LOT-07,10.3059,11.5127,4.8684,5.2847,13.0505,14.0634
CMP-00029,LOT-05,7.2162,7.3829,4.375,4.369,11.7163,11.6693
CMP-00030,LOT-04,10.606,10.6964,3.7542,3.7927,12.0856,12.3685
CMP-00031,LOT-04,8.6576,8.9082,3.8067,3.7925,12.1584,12.0878
CMP-00032,LOT-02,10.4986,10.5011,4.4803,4.4968,13.3418,13.672
CMP-00033,LOT-01,13.2301,15.7325,6.4857,7.4923,15.6589,17.1137
CMP-00034,LOT-05,10.6072,10.6884,3.851,3.812,12.224,12.2165
CMP-00035,LOT-08,10.9768,11.76,4.2811,5.0221,12.2903,13.1506
CMP-00036,LOT-01,8.6637,8.6101,3.9379,4.017,12.9492,12.9755
CMP-00037,LOT-07,8.6594,8.904,3.4684,3.4184,11.7804,11.6008
CMP-00038,LOT-07,7.53,7.3811,3.6901,3.7269,12.9111,12.8264
CMP-00039,LOT-03,9.3686,9.7093,3.3741,3.5403,14.9806,15.0705
CMP-00040,LOT-06,9.5908,9.584,3.7771,3.942,9.9331,10.0304
CMP-00041,LOT-02,8.2608,8.4497,4.7143,4.7293,11.9187,12.0982
CMP-00042,LOT-07,10.7451,10.8955,4.201,4.2778,13.1768,13.059
CMP-00043,LOT-06,9.8735,11.1657,5.1105,5.8158,12.1851,13.3561
CMP-00044,LOT-03,8.2925,8.3877,2.8422,2.8805,11.9465,12.08
CMP-00045,LOT-01,9.0637,9.0561,4.7049,4.6317,12.1207,12.1485
CMP-00046,LOT-08,11.1776,10.9073,4.4047,4.3867,12.4511,12.4525
CMP-00047,LOT-04,10.8233,11.7169,4.4725,5.1913,12.054,12.9605
CMP-00048,LOT-08,9.462,9.641,4.6919,4.7807,12.169,12.3233
CMP-00049,LOT-06,11.1116,11.2071,4.0169,3.9744,14.2148,14.7457
CMP-00050,LOT-07,12.4201,14.1162,6.1524,7.0255,16.0442,17.5602
CMP-00051,LOT-07,10.2819,10.3771,3.7554,3.7446,13.2804,13.4615
CMP-00052,LOT-02,10.6828,10.4819,4.9143,4.9454,10.9081,11.1973
CMP-00053,LOT-03,9.1279,9.1139,2.986,3.025,13.0104,13.1721
CMP-00054,LOT-04,10.4549,10.7307,4.3453,4.3895,12.4933,12.4658
CMP-00055,LOT-04,9.1204,9.2484,3.9754,4.07,12.2507,12.3387
CMP-00056,LOT-01,10.4912,10.7017,4.1528,4.1849,10.9765,11.166
CMP-00057,LOT-05,10.5852,10.6825,4.1824,4.2181,10.8523,10.8839
CMP-00058,LOT-02,6.531,6.6192,4.3679,4.4613,13.2907,13.4593
CMP-00059,LOT-06,11.8506,11.9372,4.7389,4.8637,11.6776,11.7081
CMP-00060,LOT-06,6.3391,6.4726,5.8448,5.97,13.1492,13.1595
CMP-00061,LOT-08,8.9401,8.9236,4.9917,5.063,11.6414,11.7168
CMP-00062,LOT-06,11.5894,11.8587,3.7892,3.8242,13.3954,13.5557
CMP-00063,LOT-03,9.2094,9.3915,4.3817,4.4464,11.457,11.5787
CMP-00064,LOT-08,8.0543,8.3512,4.7149,5.0719,11.6719,12.1234
CMP-00065,LOT-04,8.6182,8.8774,3.4907,3.5655,11.0391,11.0693
CMP-00066,LOT-03,11.0522,11.2191,3.3678,3.43,11.4975,11.5323
CMP-00067,LOT-08,7.0511,7.2708,4.3355,4.4262,13.0775,13.1168
CMP-00068,LOT-03,11.1864,11.4068,4.5032,4.5204,12.1552,12.1217
CMP-00069,LOT-01,9.6685,9.8571,3.5224,3.5549,10.8971,11.0765
CMP-00070,LOT-04,8.5149,8.5675,3.6294,3.7047,11.7147,11.9775
CMP-00071,LOT-07,9.5532,9.5943,4.4235,4.4812,11.67,11.6977
CMP-00072,LOT-02,9.0215,9.1353,4.4971,4.5033,12.3305,12.1428
CMP-00073,LOT-04,11.2831,11.2355,4.7925,4.7861,12.5078,12.6342
CMP-00074,LOT-02,11.0919,11.3809,3.8055,3.7117,11.4614,11.5094
CMP-00075,LOT-06,8.2381,8.1611,5.3218,5.5664,12.7852,12.7685
CMP-00076,LOT-04,9.4721,9.6716,3.1667,3.2007,13.6767,13.6625
CMP-00077,LOT-03,8.7251,8.6827,2.9389,3.0695,11.786,12.0485
CMP-00078,LOT-02,12.0755,12.0348,4.4582,4.5308,10.7069,10.7845
CMP-00079,LOT-05,8.1612,8.1889,3.7266,3.7164,12.3488,12.4225
CMP-00080,LOT-06,12.3135,12.279,4.0469,4.0256,11.2503,11.4117
CMP-00081,LOT-08,9.6557,10.6902,4.3191,4.9224,12.5799,13.4308
CMP-00082,LOT-04,8.5519,8.5781,3.9524,4.0499,11.2032,11.3215
CMP-00083,LOT-02,14.6216,17.1844,6.1568,7.1514,14.1882,15.7416
CMP-00084,LOT-07,9.1513,9.3415,4.4404,4.4424,12.459,12.517
CMP-00085,LOT-06,8.4633,8.7395,3.9003,3.8809,13.4133,13.4152
CMP-00086,LOT-06,10.5312,10.8522,4.6852,4.6743,13.6074,13.527
CMP-00087,LOT-01,8.2214,8.3615,4.3045,4.2677,13.0539,12.8287
CMP-00088,LOT-03,6.8295,6.877,3.5262,3.657,12.5299,12.587
CMP-00089,LOT-07,9.6716,9.7741,3.1874,3.3076,12.501,12.5153
CMP-00090,LOT-07,7.9051,8.1666,4.0897,4.1256,10.6192,10.5233
CMP-00091,LOT-04,9.0461,9.4703,3.3386,3.3621,12.2769,12.1458
CMP-00092,LOT-07,8.8291,9.2154,3.4041,3.5143,10.5179,10.5678
CMP-00093,LOT-07,9.1207,9.383,4.3895,4.4308,10.7662,10.8247
CMP-00094,LOT-04,12.7537,12.7277,3.0534,3.0664,11.5459,11.7686
CMP-00095,LOT-08,9.7403,9.9504,5.0725,5.1726,12.8433,13.0306
CMP-00096,LOT-03,9.9226,10.0205,4.1166,4.1893,11.5762,11.6345
CMP-00097,LOT-02,7.9997,8.1823,4.4565,4.4913,13.226,13.1967
CMP-00098,LOT-06,9.3224,9.4773,3.522,3.55,12.9396,12.9877
CMP-00099,LOT-06,10.4922,10.6065,4.5728,4.6346,12.151,12.304
CMP-00100,LOT-02,8.9007,9.0065,4.5227,4.6036,12.9709,12.9365
