component_id,lot_id,leakage_0h,leakage_24h
CMP-00460,LOT-01,10.4502,10.3986
CMP-00458,LOT-06,10.2982,10.5629
CMP-01023,LOT-07,9.0955,9.1406
CMP-00142,LOT-02,10.1397,10.1885
CMP-00669,LOT-08,12.0174,12.2046
CMP-01012,LOT-07,12.022,12.3073
CMP-00152,LOT-03,8.2862,8.4005
CMP-00831,LOT-02,7.9287,8.1392
CMP-00751,LOT-08,8.2442,8.5478
CMP-00047,LOT-04,10.8233,11.7169
CMP-01133,LOT-07,10.4201,10.468
CMP-00129,LOT-05,8.9078,8.9506
CMP-00035,LOT-08,10.9768,11.76
CMP-00281,LOT-03,9.9485,10.148
CMP-00595,LOT-03,8.9832,9.1745
CMP-00722,LOT-08,8.4834,8.5757
CMP-01129,LOT-05,12.7015,14.6495
CMP-00400,LOT-03,8.1633,8.159
CMP-00695,LOT-01,7.745,7.6487
CMP-00110,LOT-06,11.0246,11.1146
CMP-00670,LOT-02,11.2902,11.276
CMP-00888,LOT-02,8.0898,8.0769
CMP-00475,LOT-06,9.1189,9.4304
CMP-01164,LOT-05,7.0955,7.2072
CMP-00545,LOT-07,9.6386,9.8471
CMP-00052,LOT-02,10.6828,10.4819
CMP-01188,LOT-05,9.2191,9.1462
CMP-01125,LOT-07,10.211,10.1216
CMP-00842,LOT-06,10.7055,11.7583
CMP-00187,LOT-02,12.7889,12.9805
CMP-00319,LOT-08,10.2158,10.4628
CMP-00141,LOT-08,10.0862,11.1899
CMP-00944,LOT-04,9.2486,9.3388
CMP-00970,LOT-01,9.7091,9.8218
CMP-00064,LOT-08,8.0543,8.3512
CMP-01167,LOT-01,10.3313,10.8955
CMP-00757,LOT-06,9.3935,9.664
CMP-00811,LOT-01,9.1128,9.4834
CMP-00099,LOT-06,10.4922,10.6065
CMP-00190,LOT-03,8.3174,8.3505
CMP-00621,LOT-04,7.5494,10.1615
CMP-00221,LOT-02,10.2796,11.4455
CMP-00976,LOT-02,11.4314,11.6467
CMP-00408,LOT-02,9.9842,10.0944
CMP-01068,LOT-06,9.3915,9.6574
CMP-01175,LOT-01,,9.9358
CMP-00335,LOT-04,11.1264,11.1587
CMP-00532,LOT-02,,11.2387
CMP-00682,LOT-02,8.0404,8.234
CMP-00340,LOT-08,7.351,7.4638
CMP-00558,LOT-08,7.8078,8.7083
CMP-00654,LOT-07,9.8083,9.8161
CMP-00114,LOT-04,11.2077,11.1598
CMP-00375,LOT-08,10.1556,10.2079
CMP-00217,LOT-01,7.4164,7.3357
CMP-00813,LOT-06,10.2183,10.3985
CMP-00368,LOT-03,8.7528,8.658
CMP-01106,LOT-02,10.2778,
CMP-01086,LOT-07,11.8791,12.3517
CMP-00998,LOT-03,10.159,10.1008
